,Unnamed: 0,nominees,details,imdb_urls,award_show,year,award,winner,ref_year,metabase,rating,popularity,genres,budget,gross,minute,American Cinema Editors,BAFTA,Chicago Film Critics,Critics Choice,Golden Globes,Satellite
0,0,1917,"Sam Mendes, Pippa Harris, Jayne-Ann Tenggren, Callum McDougall",https://www.imdb.com//title/tt8579674/?ref_=ev_nom,Academy Awards,2020,Best Motion Picture of the Year,1,1,78,8.5,1,"['Drama', 'War']",100000000,254142909,119,-1.0,1.0,-1.0,0.0,1.0,-1.0
1,1,Ford v Ferrari,"Peter Chernin, Jenno Topping, James Mangold",https://www.imdb.com//title/tt1950186/?ref_=ev_nom,Academy Awards,2020,Best Motion Picture of the Year,0,1,81,8.2,13,"['Action', 'Biography', 'Drama', 'Sport']",97600000,222277771,152,0.0,-1.0,-1.0,0.0,-1.0,-1.0
2,2,Jojo Rabbit,"Carthew Neal, Taika Waititi",https://www.imdb.com//title/tt2584384/?ref_=ev_nom,Academy Awards,2020,Best Motion Picture of the Year,0,1,58,8.0,8,"['Comedy', 'Drama', 'War']",349555,65647700,108,1.0,-1.0,-1.0,0.0,0.0,-1.0
3,3,Joker,"Todd Phillips, Bradley Cooper, Emma Tillinger Koskoff",https://www.imdb.com//title/tt7286456/?ref_=ev_nom,Academy Awards,2020,Best Motion Picture of the Year,0,1,59,8.6,9,"['Crime', 'Drama', 'Thriller']",55000000,1071884607,122,0.0,0.0,-1.0,0.0,0.0,-1.0
4,4,Little Women,Amy Pascal,https://www.imdb.com//title/tt3281548/?ref_=ev_nom,Academy Awards,2020,Best Motion Picture of the Year,0,1,91,8.1,11,"['Drama', 'Romance']",40000000,164959722,135,-1.0,-1.0,-1.0,0.0,-1.0,-1.0
5,5,Marriage Story,"Noah Baumbach, David Heyman",https://www.imdb.com//title/tt7653254/?ref_=ev_nom,Academy Awards,2020,Best Motion Picture of the Year,0,1,93,8.1,23,"['Comedy', 'Drama', 'Romance']",18600000,323382,137,0.0,-1.0,-1.0,0.0,0.0,-1.0
6,6,Once Upon a Time... in Hollywood,"David Heyman, Shannon McIntosh, Quentin Tarantino",https://www.imdb.com//title/tt7131622/?ref_=ev_nom,Academy Awards,2020,Best Motion Picture of the Year,0,1,83,7.7,10,"['Comedy', 'Drama']",90000000,374035441,161,0.0,0.0,-1.0,1.0,1.0,-1.0
7,7,Parasite,"Sin-ae Kwak, Bong Joon Ho",https://www.imdb.com//title/tt6751668/?ref_=ev_nom,Academy Awards,2020,Best Motion Picture of the Year,0,1,96,8.6,3,"['Comedy', 'Crime', 'Drama', 'Thriller']",393216,163862304,132,1.0,0.0,-1.0,0.0,-1.0,-1.0
8,8,The Irishman,"Martin Scorsese, Robert De Niro, Jane Rosenthal, Emma Tillinger Koskoff",https://www.imdb.com//title/tt1302006/?ref_=ev_nom,Academy Awards,2020,Best Motion Picture of the Year,0,1,94,8.0,15,"['Biography', 'Crime', 'Drama']",159000000,961224,209,0.0,0.0,-1.0,0.0,0.0,-1.0
9,0,Green Book,"Jim Burke, Charles B. Wessler, Brian Hayes Currie, Peter Farrelly, Nick Vallelonga",https://www.imdb.com//title/tt6966692/?ref_=ev_nom,Academy Awards,2019,Best Motion Picture of the Year,1,2,69,8.2,111,"['Biography', 'Comedy', 'Drama', 'Music']",23000000,329717166,130,0.0,0.0,-1.0,0.0,1.0,-1.0
10,1,A Star Is Born,"Bill Gerber, Bradley Cooper, Lynette Howell Taylor",https://www.imdb.com//title/tt1517451/?ref_=ev_nom,Academy Awards,2019,Best Motion Picture of the Year,0,2,88,7.7,281,"['Drama', 'Music', 'Romance']",36000000,436188866,136,0.0,0.0,-1.0,0.0,0.0,-1.0
11,2,BlacKkKlansman,"Sean McKittrick, Jason Blum, Raymond Mansfield, Jordan Peele, Spike Lee",https://www.imdb.com//title/tt7349662/?ref_=ev_nom,Academy Awards,2019,Best Motion Picture of the Year,0,2,83,7.5,324,"['Biography', 'Crime', 'Drama']",15000000,93400823,135,0.0,0.0,-1.0,0.0,0.0,-1.0
12,3,Black Panther,Kevin Feige,https://www.imdb.com//title/tt1825683/?ref_=ev_nom,Academy Awards,2019,Best Motion Picture of the Year,0,2,88,7.3,239,"['Action', 'Adventure', 'Sci-Fi']",200000000,1346913161,134,-1.0,-1.0,-1.0,0.0,0.0,-1.0
13,4,Bohemian Rhapsody,Graham King,https://www.imdb.com//title/tt1727824/?ref_=ev_nom,Academy Awards,2019,Best Motion Picture of the Year,0,2,49,8.0,198,"['Biography', 'Drama', 'Music']",52000000,903655259,134,1.0,-1.0,-1.0,-1.0,1.0,-1.0
14,5,Roma,"Gabriela Rodriguez, Alfonso Cuarón",https://www.imdb.com//title/tt6155172/?ref_=ev_nom,Academy Awards,2019,Best Motion Picture of the Year,0,2,96,7.7,371,['Drama'],,1148031,135,0.0,1.0,-1.0,1.0,-1.0,-1.0
15,6,The Favourite,"Ceci Dempsey, Ed Guiney, Lee Magiday, Yorgos Lanthimos",https://www.imdb.com//title/tt5083738/?ref_=ev_nom,Academy Awards,2019,Best Motion Picture of the Year,0,2,90,7.6,188,"['Biography', 'Comedy', 'Drama', 'History']",15000000,95918706,119,1.0,0.0,-1.0,0.0,0.0,-1.0
16,7,Vice,"Dede Gardner, Jeremy Kleiner, Adam McKay, Kevin J. Messick",https://www.imdb.com//title/tt6266538/?ref_=ev_nom,Academy Awards,2019,Best Motion Picture of the Year,0,2,61,7.2,427,"['Biography', 'Comedy', 'Drama']",60000000,76073488,132,0.0,-1.0,-1.0,0.0,0.0,-1.0
17,0,The Shape of Water,"Guillermo del Toro, J. Miles Dale",https://www.imdb.com//title/tt5580390/?ref_=ev_nom,Academy Awards,2018,Best Motion Picture of the Year,1,3,87,7.3,297,"['Adventure', 'Drama', 'Fantasy', 'Romance', 'Thriller']",19400000,195333312,123,0.0,0.0,-1.0,1.0,0.0,0.0
18,1,Call Me by Your Name,"Peter Spears, Luca Guadagnino, Emilie Georges, Marco Morabito",https://www.imdb.com//title/tt5726616/?ref_=ev_nom,Academy Awards,2018,Best Motion Picture of the Year,0,3,93,7.9,124,"['Drama', 'Romance']",4000000,41887595,132,-1.0,0.0,-1.0,0.0,0.0,0.0
19,2,Darkest Hour,"Tim Bevan, Eric Fellner, Lisa Bruce, Anthony McCarten, Douglas Urbanski",https://www.imdb.com//title/tt4555426/?ref_=ev_nom,Academy Awards,2018,Best Motion Picture of the Year,0,3,75,7.4,345,"['Biography', 'Drama', 'History', 'War']",30000000,150847207,125,-1.0,0.0,-1.0,0.0,-1.0,-1.0
20,3,Dunkirk,"Emma Thomas, Christopher Nolan",https://www.imdb.com//title/tt5013056/?ref_=ev_nom,Academy Awards,2018,Best Motion Picture of the Year,0,3,94,7.9,117,"['Action', 'Drama', 'History', 'Thriller', 'War']",100000000,526940665,106,1.0,0.0,-1.0,0.0,0.0,0.0
21,4,Get Out,"Sean McKittrick, Jason Blum, Edward H. Hamm Jr., Jordan Peele",https://www.imdb.com//title/tt5052448/?ref_=ev_nom,Academy Awards,2018,Best Motion Picture of the Year,0,3,84,7.7,252,"['Horror', 'Mystery', 'Thriller']",4500000,255413717,104,0.0,-1.0,-1.0,0.0,0.0,0.0
22,5,Lady Bird,"Scott Rudin, Eli Bush, Evelyn O'Neill",https://www.imdb.com//title/tt4925292/?ref_=ev_nom,Academy Awards,2018,Best Motion Picture of the Year,0,3,94,7.4,167,"['Comedy', 'Drama']",10000000,78965611,94,0.0,-1.0,-1.0,0.0,1.0,0.0
23,7,The Post,"Amy Pascal, Steven Spielberg, Kristie Macosko Krieger",https://www.imdb.com//title/tt6294822/?ref_=ev_nom,Academy Awards,2018,Best Motion Picture of the Year,0,3,83,7.2,810,"['Biography', 'Drama', 'History', 'Thriller']",50000000,179769457,116,0.0,-1.0,-1.0,0.0,0.0,-1.0
24,8,"Three Billboards Outside Ebbing, Missouri","Graham Broadbent, Peter Czernin, Martin McDonagh",https://www.imdb.com//title/tt5027774/?ref_=ev_nom,Academy Awards,2018,Best Motion Picture of the Year,0,3,88,8.2,238,"['Comedy', 'Crime', 'Drama']",15000000,160192031,115,0.0,1.0,-1.0,0.0,1.0,0.0
25,0,Moonlight,"Dede Gardner, Jeremy Kleiner, Adele Romanski",https://www.imdb.com//title/tt4975722/?ref_=ev_nom,Academy Awards,2017,Best Motion Picture of the Year,1,4,99,7.4,398,['Drama'],4000000,65336603,111,0.0,0.0,-1.0,-1.0,1.0,0.0
26,1,Arrival,"Shawn Levy, Dan Levine, Aaron Ryder, David Linde",https://www.imdb.com//title/tt2543164/?ref_=ev_nom,Academy Awards,2017,Best Motion Picture of the Year,0,4,81,7.9,415,"['Drama', 'Mystery', 'Sci-Fi', 'Thriller']",47000000,203388186,116,1.0,0.0,-1.0,-1.0,-1.0,-1.0
27,2,Fences,"Todd Black, Scott Rudin, Denzel Washington",https://www.imdb.com//title/tt2671706/?ref_=ev_nom,Academy Awards,2017,Best Motion Picture of the Year,0,4,79,7.2,016,['Drama'],24000000,64414761,139,-1.0,-1.0,-1.0,-1.0,-1.0,0.0
28,3,Hacksaw Ridge,"Bill Mechanic, David Permut",https://www.imdb.com//title/tt2119532/?ref_=ev_nom,Academy Awards,2017,Best Motion Picture of the Year,0,4,71,8.1,312,"['Biography', 'Drama', 'History', 'War']",40000000,180450918,139,0.0,-1.0,-1.0,-1.0,0.0,0.0
29,4,Hell or High Water,"Carla Hacken, Julie Yorn",https://www.imdb.com//title/tt2582782/?ref_=ev_nom,Academy Awards,2017,Best Motion Picture of the Year,0,4,88,7.6,867,"['Action', 'Crime', 'Drama', 'Thriller', 'Western']",12000000,37879877,102,0.0,-1.0,-1.0,-1.0,0.0,0.0
30,5,Hidden Figures,"Peter Chernin, Donna Gigliotti, Theodore Melfi, Jenno Topping, Pharrell Williams",https://www.imdb.com//title/tt4846340/?ref_=ev_nom,Academy Awards,2017,Best Motion Picture of the Year,0,4,74,7.8,704,"['Biography', 'Drama', 'History']",25000000,235956898,127,-1.0,-1.0,-1.0,-1.0,-1.0,0.0
31,6,La La Land,"Fred Berger, Jordan Horowitz, Marc Platt",https://www.imdb.com//title/tt3783958/?ref_=ev_nom,Academy Awards,2017,Best Motion Picture of the Year,0,4,93,8.0,340,"['Comedy', 'Drama', 'Music', 'Musical', 'Romance']",30000000,446171671,128,1.0,1.0,-1.0,-1.0,1.0,1.0
32,7,Lion,"Iain Canning, Angie Fielder, Emile Sherman",https://www.imdb.com//title/tt3741834/?ref_=ev_nom,Academy Awards,2017,Best Motion Picture of the Year,0,4,69,8.0,693,"['Biography', 'Drama']",12000000,140312928,118,-1.0,-1.0,-1.0,-1.0,0.0,0.0
33,8,Manchester by the Sea,"Lauren Beck, Matt Damon, Kimberly Steward, Chris Moore, Kevin J. Walsh",https://www.imdb.com//title/tt4034228/?ref_=ev_nom,Academy Awards,2017,Best Motion Picture of the Year,0,4,96,7.8,843,['Drama'],9000000,78988148,137,0.0,0.0,-1.0,-1.0,0.0,0.0
34,0,Spotlight,"Michael Sugar, Steve Golin, Nicole Rocklin, Blye Pagon Faust",https://www.imdb.com//title/tt1895587/?ref_=ev_nom,Academy Awards,2016,Best Motion Picture of the Year,1,5,93,8.1,537,"['Biography', 'Crime', 'Drama']",20000000,98690254,129,-1.0,0.0,-1.0,1.0,0.0,1.0
35,1,Bridge of Spies,"Steven Spielberg, Marc Platt, Kristie Macosko Krieger",https://www.imdb.com//title/tt3682448/?ref_=ev_nom,Academy Awards,2016,Best Motion Picture of the Year,0,5,81,7.6,710,"['Drama', 'History', 'Thriller']",40000000,165478348,142,-1.0,0.0,-1.0,0.0,-1.0,0.0
36,2,Brooklyn,"Finola Dwyer, Amanda Posey",https://www.imdb.com//title/tt2381111/?ref_=ev_nom,Academy Awards,2016,Best Motion Picture of the Year,0,5,88,7.5,006,"['Drama', 'Romance']",11000000,62076141,117,-1.0,-1.0,-1.0,0.0,-1.0,0.0
37,3,Mad Max: Fury Road,"Doug Mitchell, George Miller",https://www.imdb.com//title/tt1392190/?ref_=ev_nom,Academy Awards,2016,Best Motion Picture of the Year,0,5,90,8.1,232,"['Action', 'Adventure', 'Sci-Fi', 'Thriller']",150000000,375209362,120,1.0,-1.0,-1.0,0.0,0.0,-1.0
38,4,Room,Ed Guiney,https://www.imdb.com//title/tt3170832/?ref_=ev_nom,Academy Awards,2016,Best Motion Picture of the Year,0,5,86,8.1,483,"['Drama', 'Thriller']",13000000,35401758,118,-1.0,-1.0,-1.0,0.0,0.0,0.0
39,5,The Big Short,"Brad Pitt, Dede Gardner, Jeremy Kleiner",https://www.imdb.com//title/tt1596363/?ref_=ev_nom,Academy Awards,2016,Best Motion Picture of the Year,0,5,81,7.8,378,"['Biography', 'Comedy', 'Drama', 'History']",28000000,133440870,130,1.0,0.0,-1.0,0.0,-1.0,0.0
40,6,The Martian,"Simon Kinberg, Ridley Scott, Michael Schaefer, Mark Huffam",https://www.imdb.com//title/tt3659388/?ref_=ev_nom,Academy Awards,2016,Best Motion Picture of the Year,0,5,80,8.0,391,"['Adventure', 'Drama', 'Sci-Fi']",108000000,630161890,144,0.0,-1.0,-1.0,0.0,-1.0,0.0
41,7,The Revenant,"Arnon Milchan, Steve Golin, Alejandro G. Iñárritu, Mary Parent, Keith Redmon",https://www.imdb.com//title/tt1663202/?ref_=ev_nom,Academy Awards,2016,Best Motion Picture of the Year,0,5,76,8.0,247,"['Action', 'Adventure', 'Biography', 'Drama', 'History', 'Western']",135000000,532950503,156,0.0,1.0,-1.0,0.0,1.0,0.0
42,0,Birdman or (The Unexpected Virtue of Ignorance),"Alejandro G. Iñárritu, John Lesher, James W. Skotchdopole",https://www.imdb.com//title/tt2562232/?ref_=ev_nom,Academy Awards,2015,Best Motion Picture of the Year,1,6,87,7.7,382,"['Comedy', 'Drama']",18000000,103215094,119,-1.0,0.0,-1.0,0.0,-1.0,-1.0
43,1,American Sniper,"Clint Eastwood, Robert Lorenz, Andrew Lazar, Bradley Cooper, Peter Morgan",https://www.imdb.com//title/tt2179136/?ref_=ev_nom,Academy Awards,2015,Best Motion Picture of the Year,0,6,72,7.3,909,"['Action', 'Biography', 'Drama', 'War']",58800000,547426372,133,0.0,-1.0,-1.0,-1.0,-1.0,-1.0
44,2,Boyhood,"Richard Linklater, Cathleen Sutherland",https://www.imdb.com//title/tt1065073/?ref_=ev_nom,Academy Awards,2015,Best Motion Picture of the Year,0,6,100,7.9,604,['Drama'],4000000,48137666,165,1.0,1.0,-1.0,1.0,1.0,-1.0
45,3,Selma,"Christian Colson, Oprah Winfrey, Dede Gardner, Jeremy Kleiner",https://www.imdb.com//title/tt1020072/?ref_=ev_nom,Academy Awards,2015,Best Motion Picture of the Year,0,6,85,7.5,280,"['Biography', 'Drama', 'History']",20000000,66787908,128,-1.0,-1.0,-1.0,0.0,0.0,-1.0
46,4,The Grand Budapest Hotel,"Wes Anderson, Scott Rudin, Steven Rales, Jeremy Dawson",https://www.imdb.com//title/tt2278388/?ref_=ev_nom,Academy Awards,2015,Best Motion Picture of the Year,0,6,88,8.1,344,"['Adventure', 'Comedy', 'Crime']",25000000,172936941,99,-1.0,0.0,-1.0,0.0,-1.0,-1.0
47,5,The Imitation Game,"Nora Grossman, Ido Ostrowsky, Teddy Schwarzman",https://www.imdb.com//title/tt2084970/?ref_=ev_nom,Academy Awards,2015,Best Motion Picture of the Year,0,6,73,8.0,747,"['Biography', 'Drama', 'Thriller', 'War']",14000000,233555708,114,0.0,0.0,-1.0,0.0,0.0,-1.0
48,6,The Theory of Everything,"Tim Bevan, Eric Fellner, Lisa Bruce, Anthony McCarten",https://www.imdb.com//title/tt2980516/?ref_=ev_nom,Academy Awards,2015,Best Motion Picture of the Year,0,6,72,7.7,062,"['Biography', 'Drama', 'Romance']",15000000,123726688,123,-1.0,0.0,-1.0,0.0,0.0,-1.0
49,7,Whiplash,"Jason Blum, Helen Estabrook, David Lancaster",https://www.imdb.com//title/tt2582802/?ref_=ev_nom,Academy Awards,2015,Best Motion Picture of the Year,0,6,88,8.5,380,"['Drama', 'Music']",3300000,48982041,106,0.0,-1.0,-1.0,0.0,-1.0,-1.0
50,0,12 Years a Slave,"Brad Pitt, Dede Gardner, Jeremy Kleiner, Steve McQueen, Anthony Katagas",https://www.imdb.com//title/tt2024544/?ref_=ev_nom,Academy Awards,2014,Best Motion Picture of the Year,1,7,96,8.1,478,"['Biography', 'Drama', 'History']",20000000,187733202,134,0.0,1.0,-1.0,1.0,1.0,-1.0
51,1,American Hustle,"Charles Roven, Richard Suckle, Megan Ellison, Jonathan Gordon",https://www.imdb.com//title/tt1800241/?ref_=ev_nom,Academy Awards,2014,Best Motion Picture of the Year,0,7,90,7.2,607,"['Crime', 'Drama']",40000000,251171807,138,-1.0,0.0,-1.0,0.0,-1.0,-1.0
52,2,Captain Phillips,"Scott Rudin, Dana Brunetti, Michael De Luca",https://www.imdb.com//title/tt1535109/?ref_=ev_nom,Academy Awards,2014,Best Motion Picture of the Year,0,7,83,7.8,833,"['Biography', 'Crime', 'Drama', 'Thriller']",55000000,218791811,134,1.0,0.0,-1.0,0.0,0.0,-1.0
53,3,Dallas Buyers Club,"Robbie Brenner, Rachel Winter",https://www.imdb.com//title/tt0790636/?ref_=ev_nom,Academy Awards,2014,Best Motion Picture of the Year,0,7,84,8.0,866,"['Biography', 'Drama']",5000000,55736588,117,-1.0,-1.0,-1.0,0.0,-1.0,-1.0
54,4,Gravity,"Alfonso Cuarón, David Heyman",https://www.imdb.com//title/tt1454468/?ref_=ev_nom,Academy Awards,2014,Best Motion Picture of the Year,0,7,96,7.7,108,"['Drama', 'Sci-Fi', 'Thriller']",100000000,723192705,91,0.0,0.0,-1.0,0.0,0.0,-1.0
55,5,Her,"Megan Ellison, Spike Jonze, Vincent Landay",https://www.imdb.com//title/tt1798709/?ref_=ev_nom,Academy Awards,2014,Best Motion Picture of the Year,0,7,90,8.0,269,"['Drama', 'Romance', 'Sci-Fi']",23000000,48416523,126,0.0,-1.0,-1.0,0.0,-1.0,-1.0
56,6,Nebraska,"Albert Berger, Ron Yerxa",https://www.imdb.com//title/tt1821549/?ref_=ev_nom,Academy Awards,2014,Best Motion Picture of the Year,0,7,86,7.7,303,"['Adventure', 'Comedy', 'Drama']",12000000,27682872,115,-1.0,-1.0,-1.0,0.0,-1.0,-1.0
57,7,Philomena,"Gabrielle Tana, Steve Coogan, Tracey Seaward",https://www.imdb.com//title/tt2431286/?ref_=ev_nom,Academy Awards,2014,Best Motion Picture of the Year,0,7,77,7.6,,"['Biography', 'Comedy', 'Drama']",12000000,100129872,98,-1.0,0.0,-1.0,-1.0,0.0,-1.0
58,8,The Wolf of Wall Street,"Leonardo DiCaprio, Emma Tillinger Koskoff, Joey McFarland, Martin Scorsese",https://www.imdb.com//title/tt0993846/?ref_=ev_nom,Academy Awards,2014,Best Motion Picture of the Year,0,7,75,8.2,131,"['Biography', 'Crime', 'Drama']",100000000,392000694,180,-1.0,-1.0,-1.0,0.0,-1.0,-1.0
59,0,Argo,"Grant Heslov, Ben Affleck, George Clooney",https://www.imdb.com//title/tt1024648/?ref_=ev_nom,Academy Awards,2013,Best Motion Picture of the Year,1,8,86,7.7,924,"['Biography', 'Drama', 'Thriller']",44500000,232325503,120,1.0,1.0,-1.0,1.0,1.0,-1.0
60,2,Beasts of the Southern Wild,"Dan Janvey, Josh Penn, Michael Gottwald",https://www.imdb.com//title/tt2125435/?ref_=ev_nom,Academy Awards,2013,Best Motion Picture of the Year,0,8,86,7.3,769,"['Adventure', 'Drama', 'Fantasy']",1800000,21107746,93,-1.0,-1.0,-1.0,0.0,-1.0,-1.0
61,3,Django Unchained,"Stacey Sher, Reginald Hudlin, Pilar Savone",https://www.imdb.com//title/tt1853728/?ref_=ev_nom,Academy Awards,2013,Best Motion Picture of the Year,0,8,81,8.4,250,"['Drama', 'Western']",100000000,425368238,165,-1.0,-1.0,-1.0,0.0,0.0,-1.0
62,4,Les Misérables,"Tim Bevan, Eric Fellner, Debra Hayward, Cameron Mackintosh",https://www.imdb.com//title/tt1707386/?ref_=ev_nom,Academy Awards,2013,Best Motion Picture of the Year,0,8,63,7.6,293,"['Drama', 'History', 'Musical', 'Romance', 'War']",61000000,441809770,158,-1.0,0.0,-1.0,0.0,-1.0,-1.0
63,5,Life of Pi,"Gil Netter, Ang Lee, David Womark",https://www.imdb.com//title/tt0454876/?ref_=ev_nom,Academy Awards,2013,Best Motion Picture of the Year,0,8,79,7.9,841,"['Adventure', 'Drama', 'Fantasy']",120000000,609016565,127,0.0,0.0,-1.0,0.0,0.0,-1.0
64,6,Lincoln,"Steven Spielberg, Kathleen Kennedy",https://www.imdb.com//title/tt0443272/?ref_=ev_nom,Academy Awards,2013,Best Motion Picture of the Year,0,8,86,7.3,895,"['Biography', 'Drama', 'History', 'War']",65000000,275293450,150,0.0,0.0,-1.0,0.0,0.0,-1.0
65,7,Silver Linings Playbook,"Donna Gigliotti, Bruce Cohen, Jonathan Gordon",https://www.imdb.com//title/tt1045658/?ref_=ev_nom,Academy Awards,2013,Best Motion Picture of the Year,0,8,81,7.7,913,"['Comedy', 'Drama', 'Romance']",21000000,236412453,122,-1.0,-1.0,-1.0,0.0,-1.0,-1.0
66,8,Zero Dark Thirty,"Mark Boal, Kathryn Bigelow, Megan Ellison",https://www.imdb.com//title/tt1790885/?ref_=ev_nom,Academy Awards,2013,Best Motion Picture of the Year,0,8,95,7.4,756,"['Drama', 'Thriller']",40000000,132820716,157,0.0,0.0,-1.0,0.0,0.0,-1.0
67,0,The Artist,Thomas Langmann,https://www.imdb.com//title/tt1655442/?ref_=ev_nom,Academy Awards,2012,Best Motion Picture of the Year,1,9,89,7.9,411,"['Comedy', 'Drama', 'Romance']",15000000,133432856,100,-1.0,1.0,-1.0,1.0,-1.0,-1.0
68,1,Extremely Loud & Incredibly Close,Scott Rudin,https://www.imdb.com//title/tt0477302/?ref_=ev_nom,Academy Awards,2012,Best Motion Picture of the Year,0,9,46,6.9,600,"['Adventure', 'Drama', 'Mystery']",40000000,55247881,129,-1.0,-1.0,-1.0,0.0,-1.0,-1.0
69,2,Hugo,"Graham King, Martin Scorsese",https://www.imdb.com//title/tt0970179/?ref_=ev_nom,Academy Awards,2012,Best Motion Picture of the Year,0,9,83,7.5,527,"['Drama', 'Family', 'Fantasy', 'Mystery']",150000000,185770160,126,0.0,-1.0,-1.0,0.0,0.0,-1.0
70,3,Midnight in Paris,"Letty Aronson, Stephen Tenenbaum",https://www.imdb.com//title/tt1605783/?ref_=ev_nom,Academy Awards,2012,Best Motion Picture of the Year,0,9,81,7.7,197,"['Comedy', 'Fantasy', 'Romance']",17000000,154056033,96,-1.0,-1.0,-1.0,0.0,-1.0,-1.0
71,4,Moneyball,"Michael De Luca, Rachael Horovitz, Brad Pitt",https://www.imdb.com//title/tt1210166/?ref_=ev_nom,Academy Awards,2012,Best Motion Picture of the Year,0,9,87,7.6,985,"['Biography', 'Drama', 'Sport']",50000000,110206216,133,0.0,-1.0,-1.0,0.0,0.0,-1.0
72,5,The Descendants,"Jim Burke, Alexander Payne, Jim Taylor",https://www.imdb.com//title/tt1033575/?ref_=ev_nom,Academy Awards,2012,Best Motion Picture of the Year,0,9,84,7.3,813,"['Comedy', 'Drama']",20000000,177243185,115,1.0,0.0,-1.0,0.0,1.0,-1.0
73,6,The Help,"Brunson Green, Chris Columbus, Michael Barnathan",https://www.imdb.com//title/tt1454029/?ref_=ev_nom,Academy Awards,2012,Best Motion Picture of the Year,0,9,62,8.1,664,['Drama'],25000000,216639112,146,-1.0,0.0,-1.0,0.0,0.0,-1.0
74,7,The Tree of Life,"Sarah Green, Bill Pohlad, Dede Gardner, Grant Hill",https://www.imdb.com//title/tt0478304/?ref_=ev_nom,Academy Awards,2012,Best Motion Picture of the Year,0,9,85,6.8,306,"['Drama', 'Fantasy']",32000000,58409247,139,-1.0,-1.0,-1.0,0.0,-1.0,-1.0
75,8,War Horse,"Steven Spielberg, Kathleen Kennedy",https://www.imdb.com//title/tt1568911/?ref_=ev_nom,Academy Awards,2012,Best Motion Picture of the Year,0,9,72,7.2,088,"['Action', 'Adventure', 'Drama', 'History', 'War']",66000000,177584879,146,0.0,-1.0,-1.0,0.0,0.0,-1.0
76,0,The King's Speech,"Iain Canning, Emile Sherman, Gareth Unwin",https://www.imdb.com//title/tt1504320/?ref_=ev_nom,Academy Awards,2011,Best Motion Picture of the Year,1,10,88,8.0,814,"['Biography', 'Drama', 'History']",15000000,427374317,118,0.0,1.0,-1.0,0.0,0.0,-1.0
77,1,127 Hours,"Christian Colson, Danny Boyle, John Smithson",https://www.imdb.com//title/tt1542344/?ref_=ev_nom,Academy Awards,2011,Best Motion Picture of the Year,0,10,82,7.6,079,"['Biography', 'Drama']",18000000,60738797,94,-1.0,-1.0,-1.0,0.0,-1.0,-1.0
78,2,Black Swan,"Mike Medavoy, Brian Oliver, Scott Franklin",https://www.imdb.com//title/tt0947798/?ref_=ev_nom,Academy Awards,2011,Best Motion Picture of the Year,0,10,79,8.0,430,"['Drama', 'Thriller']",13000000,329398046,108,0.0,0.0,-1.0,0.0,0.0,-1.0
79,3,Inception,"Christopher Nolan, Emma Thomas",https://www.imdb.com//title/tt1375666/?ref_=ev_nom,Academy Awards,2011,Best Motion Picture of the Year,0,10,74,8.8,100,"['Action', 'Adventure', 'Sci-Fi', 'Thriller']",160000000,829895144,148,0.0,0.0,-1.0,0.0,0.0,-1.0
80,4,The Fighter,"David Hoberman, Todd Lieberman, Mark Wahlberg",https://www.imdb.com//title/tt0964517/?ref_=ev_nom,Academy Awards,2011,Best Motion Picture of the Year,0,10,79,7.8,099,"['Biography', 'Drama', 'Sport']",25000000,129190869,116,0.0,-1.0,-1.0,0.0,0.0,-1.0
81,6,The Social Network,"Scott Rudin, Dana Brunetti, Michael De Luca, Ceán Chaffin",https://www.imdb.com//title/tt1285016/?ref_=ev_nom,Academy Awards,2011,Best Motion Picture of the Year,0,10,95,7.7,572,"['Biography', 'Drama']",40000000,224920315,120,1.0,0.0,-1.0,1.0,1.0,-1.0
82,7,Toy Story 3,Darla K. Anderson,https://www.imdb.com//title/tt0435761/?ref_=ev_nom,Academy Awards,2011,Best Motion Picture of the Year,0,10,92,8.3,825,"['Animation', 'Adventure', 'Comedy', 'Family', 'Fantasy']",200000000,1066969703,103,-1.0,-1.0,-1.0,0.0,-1.0,-1.0
83,8,True Grit,"Ethan Coen, Joel Coen, Scott Rudin",https://www.imdb.com//title/tt1403865/?ref_=ev_nom,Academy Awards,2011,Best Motion Picture of the Year,0,10,80,7.6,722,"['Drama', 'Western']",38000000,252276927,110,-1.0,0.0,-1.0,0.0,-1.0,-1.0
84,9,Winter's Bone,"Anne Rosellini, Alix Madigan",https://www.imdb.com//title/tt1399683/?ref_=ev_nom,Academy Awards,2011,Best Motion Picture of the Year,0,10,90,7.2,324,"['Drama', 'Mystery']",2000000,13796834,100,-1.0,-1.0,-1.0,0.0,-1.0,-1.0
85,0,The Hurt Locker,"Kathryn Bigelow, Mark Boal, Nicolas Chartier, Greg Shapiro",https://www.imdb.com//title/tt0887912/?ref_=ev_nom,Academy Awards,2010,Best Motion Picture of the Year,1,11,95,7.6,211,"['Drama', 'Thriller', 'War']",145352,49230772,131,1.0,1.0,-1.0,1.0,0.0,-1.0
86,1,A Serious Man,"Joel Coen, Ethan Coen",https://www.imdb.com//title/tt1019452/?ref_=ev_nom,Academy Awards,2010,Best Motion Picture of the Year,0,11,79,7.0,536,"['Comedy', 'Drama']",7000000,31430334,106,-1.0,-1.0,-1.0,0.0,-1.0,-1.0
87,2,An Education,"Finola Dwyer, Amanda Posey",https://www.imdb.com//title/tt1174732/?ref_=ev_nom,Academy Awards,2010,Best Motion Picture of the Year,0,11,85,7.3,684,['Drama'],7500000,26096852,100,-1.0,0.0,-1.0,0.0,-1.0,-1.0
88,3,Avatar,"James Cameron, Jon Landau",https://www.imdb.com//title/tt0499549/?ref_=ev_nom,Academy Awards,2010,Best Motion Picture of the Year,0,11,83,7.8,267,"['Action', 'Adventure', 'Fantasy', 'Sci-Fi']",237000000,2790439000,162,0.0,0.0,-1.0,0.0,1.0,-1.0
89,4,District 9,"Peter Jackson, Carolynne Cunningham",https://www.imdb.com//title/tt1136608/?ref_=ev_nom,Academy Awards,2010,Best Motion Picture of the Year,0,11,81,7.9,147,"['Action', 'Sci-Fi', 'Thriller']",30000000,210888950,112,0.0,-1.0,-1.0,-1.0,-1.0,-1.0
90,5,Inglourious Basterds,Lawrence Bender,https://www.imdb.com//title/tt0361748/?ref_=ev_nom,Academy Awards,2010,Best Motion Picture of the Year,0,11,69,8.3,143,"['Adventure', 'Drama', 'War']",70000000,321455689,153,-1.0,-1.0,-1.0,0.0,0.0,-1.0
91,6,Precious,"Lee Daniels, Sarah Siegel-Magness, Gary Magness",https://www.imdb.com//title/tt0929632/?ref_=ev_nom,Academy Awards,2010,Best Motion Picture of the Year,0,11,79,7.3,649,['Drama'],10000000,63649529,110,-1.0,0.0,-1.0,0.0,0.0,-1.0
92,8,Up,Jonas Rivera,https://www.imdb.com//title/tt1049413/?ref_=ev_nom,Academy Awards,2010,Best Motion Picture of the Year,0,11,88,8.2,923,"['Animation', 'Adventure', 'Comedy', 'Family']",175000000,735099082,96,-1.0,-1.0,-1.0,0.0,-1.0,-1.0
93,9,Up in the Air,"Daniel Dubiecki, Ivan Reitman, Jason Reitman",https://www.imdb.com//title/tt1193138/?ref_=ev_nom,Academy Awards,2010,Best Motion Picture of the Year,0,11,83,7.4,033,"['Comedy', 'Drama', 'Romance']",25000000,166842739,109,0.0,0.0,-1.0,0.0,0.0,-1.0
94,0,Slumdog Millionaire,Christian Colson,https://www.imdb.com//title/tt1010048/?ref_=ev_nom,Academy Awards,2009,Best Motion Picture of the Year,1,12,86,8.0,935,"['Drama', 'Romance']",15000000,378060798,120,1.0,1.0,-1.0,1.0,1.0,-1.0
95,1,Frost/Nixon,"Brian Grazer, Ron Howard, Eric Fellner",https://www.imdb.com//title/tt0870111/?ref_=ev_nom,Academy Awards,2009,Best Motion Picture of the Year,0,12,80,7.7,965,"['Biography', 'Drama', 'History']",25000000,27426335,122,0.0,0.0,-1.0,0.0,0.0,-1.0
96,2,Milk,"Dan Jinks, Bruce Cohen",https://www.imdb.com//title/tt1013753/?ref_=ev_nom,Academy Awards,2009,Best Motion Picture of the Year,0,12,84,7.5,553,"['Biography', 'Drama']",1453844,54589558,128,0.0,0.0,-1.0,0.0,-1.0,-1.0
97,3,The Curious Case of Benjamin Button,"Kathleen Kennedy, Frank Marshall, Ceán Chaffin",https://www.imdb.com//title/tt0421715/?ref_=ev_nom,Academy Awards,2009,Best Motion Picture of the Year,0,12,70,7.8,835,"['Drama', 'Fantasy', 'Romance']",150000000,335802786,166,0.0,0.0,-1.0,0.0,0.0,-1.0
98,4,The Reader,"Anthony Minghella, Sydney Pollack, Donna Gigliotti, Redmond Morris",https://www.imdb.com//title/tt0976051/?ref_=ev_nom,Academy Awards,2009,Best Motion Picture of the Year,0,12,58,7.6,503,"['Drama', 'Romance']",32000000,108902486,124,-1.0,0.0,-1.0,0.0,0.0,-1.0
99,0,No Country for Old Men,"Scott Rudin, Ethan Coen, Joel Coen",https://www.imdb.com//title/tt0477348/?ref_=ev_nom,Academy Awards,2008,Best Motion Picture of the Year,1,13,91,8.1,299,"['Crime', 'Drama', 'Thriller']",25000000,171627166,122,0.0,0.0,-1.0,1.0,0.0,-1.0
100,1,Atonement,"Tim Bevan, Eric Fellner, Paul Webster",https://www.imdb.com//title/tt0783233/?ref_=ev_nom,Academy Awards,2008,Best Motion Picture of the Year,0,13,85,7.8,485,"['Drama', 'Mystery', 'Romance', 'War']",30000000,131016624,123,-1.0,1.0,-1.0,0.0,1.0,-1.0
101,2,Juno,"Lianne Halfon, Mason Novick, Russell Smith",https://www.imdb.com//title/tt0467406/?ref_=ev_nom,Academy Awards,2008,Best Motion Picture of the Year,0,13,81,7.4,616,"['Comedy', 'Drama']",7500000,232372681,96,-1.0,-1.0,-1.0,0.0,-1.0,-1.0
102,3,Michael Clayton,"Sydney Pollack, Jennifer Fox, Kerry Orent",https://www.imdb.com//title/tt0465538/?ref_=ev_nom,Academy Awards,2008,Best Motion Picture of the Year,0,13,82,7.2,543,"['Crime', 'Drama', 'Mystery', 'Thriller']",25000000,92991835,119,0.0,-1.0,-1.0,0.0,0.0,-1.0
103,4,There Will Be Blood,"JoAnne Sellar, Paul Thomas Anderson, Daniel Lupi",https://www.imdb.com//title/tt0469494/?ref_=ev_nom,Academy Awards,2008,Best Motion Picture of the Year,0,13,93,8.2,598,['Drama'],25000000,76181545,158,0.0,0.0,-1.0,0.0,0.0,-1.0
104,0,The Departed,Graham King,https://www.imdb.com//title/tt0407887/?ref_=ev_nom,Academy Awards,2007,Best Motion Picture of the Year,1,14,85,8.5,192,"['Crime', 'Drama', 'Thriller']",90000000,291465034,151,0.0,0.0,-1.0,1.0,0.0,-1.0
105,1,Babel,"Alejandro G. Iñárritu, Jon Kilik, Steve Golin",https://www.imdb.com//title/tt0449467/?ref_=ev_nom,Academy Awards,2007,Best Motion Picture of the Year,0,14,69,7.4,952,['Drama'],25000000,135330182,143,1.0,0.0,-1.0,0.0,1.0,-1.0
106,2,Letters from Iwo Jima,"Clint Eastwood, Steven Spielberg, Robert Lorenz",https://www.imdb.com//title/tt0498380/?ref_=ev_nom,Academy Awards,2007,Best Motion Picture of the Year,0,14,89,7.9,236,"['Action', 'Adventure', 'Drama', 'History', 'War']",19000000,68673228,141,-1.0,-1.0,-1.0,0.0,-1.0,-1.0
107,3,Little Miss Sunshine,"David T. Friendly, Peter Saraf, Marc Turtletaub",https://www.imdb.com//title/tt0449059/?ref_=ev_nom,Academy Awards,2007,Best Motion Picture of the Year,0,14,80,7.8,008,"['Comedy', 'Drama']",8000000,101058954,101,-1.0,0.0,-1.0,0.0,-1.0,-1.0
108,4,The Queen,"Andy Harries, Christine Langan, Tracey Seaward",https://www.imdb.com//title/tt0436697/?ref_=ev_nom,Academy Awards,2007,Best Motion Picture of the Year,0,14,91,7.3,317,"['Biography', 'Drama', 'History']",9800000,123384128,103,0.0,1.0,-1.0,0.0,0.0,-1.0
109,0,Crash,"Paul Haggis, Cathy Schulman",https://www.imdb.com//title/tt0375679/?ref_=ev_nom,Academy Awards,2006,Best Motion Picture of the Year,1,15,69,7.8,123,"['Crime', 'Drama', 'Thriller']",6500000,98410061,112,1.0,0.0,1.0,0.0,-1.0,-1.0
110,1,Brokeback Mountain,"Diana Ossana, James Schamus",https://www.imdb.com//title/tt0388795/?ref_=ev_nom,Academy Awards,2006,Best Motion Picture of the Year,0,15,87,7.7,832,"['Drama', 'Romance']",14000000,178062759,134,0.0,1.0,0.0,1.0,1.0,-1.0
111,2,Capote,"Caroline Baron, William Vince, Michael Ohoven",https://www.imdb.com//title/tt0379725/?ref_=ev_nom,Academy Awards,2006,Best Motion Picture of the Year,0,15,88,7.3,802,"['Biography', 'Crime', 'Drama', 'History']",7000000,49327405,114,-1.0,0.0,-1.0,0.0,-1.0,-1.0
112,3,"Good Night, and Good Luck.",Grant Heslov,https://www.imdb.com//title/tt0433383/?ref_=ev_nom,Academy Awards,2006,Best Motion Picture of the Year,0,15,80,7.4,,"['Biography', 'Drama', 'History']",7000000,54641191,93,0.0,0.0,0.0,0.0,0.0,-1.0
113,4,Munich,"Kathleen Kennedy, Steven Spielberg, Barry Mendel",https://www.imdb.com//title/tt0408306/?ref_=ev_nom,Academy Awards,2006,Best Motion Picture of the Year,0,15,74,7.5,854,"['Drama', 'History', 'Thriller']",4152260,130982129,164,0.0,-1.0,-1.0,0.0,-1.0,-1.0
114,0,Million Dollar Baby,"Clint Eastwood, Al Ruddy, Tom Rosenberg",https://www.imdb.com//title/tt0405159/?ref_=ev_nom,Academy Awards,2005,Best Motion Picture of the Year,1,16,86,8.1,226,"['Drama', 'Sport']",30000000,216763646,132,0.0,-1.0,-1.0,0.0,0.0,-1.0
115,1,Finding Neverland,"Richard N. Gladstein, Nellie Bellflower",https://www.imdb.com//title/tt0308644/?ref_=ev_nom,Academy Awards,2005,Best Motion Picture of the Year,0,16,67,7.7,101,"['Biography', 'Drama', 'Family']",25000000,116650613,106,0.0,0.0,-1.0,0.0,0.0,-1.0
116,2,Ray,"Taylor Hackford, Stuart Benjamin, Howard Baldwin",https://www.imdb.com//title/tt0350258/?ref_=ev_nom,Academy Awards,2005,Best Motion Picture of the Year,0,16,73,7.7,747,"['Biography', 'Drama', 'Music']",20039730,123971376,152,-1.0,-1.0,-1.0,0.0,-1.0,-1.0
117,3,Sideways,Michael London,https://www.imdb.com//title/tt0375063/?ref_=ev_nom,Academy Awards,2005,Best Motion Picture of the Year,0,16,94,7.5,764,"['Comedy', 'Drama', 'Romance']",16000000,109706931,127,-1.0,-1.0,-1.0,1.0,-1.0,-1.0
118,4,The Aviator,"Michael Mann, Graham King",https://www.imdb.com//title/tt0338751/?ref_=ev_nom,Academy Awards,2005,Best Motion Picture of the Year,0,16,77,7.5,161,"['Biography', 'Drama']",110000000,213719942,170,1.0,1.0,-1.0,0.0,1.0,-1.0
119,0,The Lord of the Rings: The Return of the King,"Barrie M. Osborne, Peter Jackson, Fran Walsh",https://www.imdb.com//title/tt0167260/?ref_=ev_nom,Academy Awards,2004,Best Picture,1,17,94,8.9,278,"['Adventure', 'Drama', 'Fantasy']",94000000,1142219401,201,1.0,1.0,1.0,1.0,1.0,-1.0
120,1,Lost in Translation,"Ross Katz, Sofia Coppola",https://www.imdb.com//title/tt0335266/?ref_=ev_nom,Academy Awards,2004,Best Picture,0,17,89,7.7,574,['Drama'],4000000,118685453,102,-1.0,0.0,0.0,0.0,-1.0,-1.0
121,2,Master and Commander: The Far Side of the World,"Samuel Goldwyn Jr., Peter Weir, Duncan Henderson",https://www.imdb.com//title/tt0311113/?ref_=ev_nom,Academy Awards,2004,Best Picture,0,17,81,7.4,831,"['Action', 'Adventure', 'Drama', 'History', 'War']",150000000,211622535,138,0.0,0.0,-1.0,0.0,0.0,-1.0
122,3,Mystic River,"Robert Lorenz, Judie Hoyt, Clint Eastwood",https://www.imdb.com//title/tt0327056/?ref_=ev_nom,Academy Awards,2004,Best Picture,0,17,84,7.9,741,"['Crime', 'Drama', 'Mystery', 'Thriller']",25000000,156595191,138,0.0,-1.0,0.0,0.0,0.0,-1.0
123,4,Seabiscuit,"Kathleen Kennedy, Frank Marshall, Gary Ross",https://www.imdb.com//title/tt0329575/?ref_=ev_nom,Academy Awards,2004,Best Picture,0,17,72,7.3,,"['Drama', 'History', 'Sport']",20854735,148336445,140,0.0,-1.0,-1.0,0.0,0.0,-1.0
124,0,Chicago,Martin Richards,https://www.imdb.com//title/tt0299658/?ref_=ev_nom,Academy Awards,2003,Best Picture,1,18,82,7.1,332,"['Comedy', 'Crime', 'Musical']",45000000,306776732,113,-1.0,0.0,-1.0,1.0,-1.0,-1.0
125,1,Gangs of New York,"Alberto Grimaldi, Harvey Weinstein",https://www.imdb.com//title/tt0217505/?ref_=ev_nom,Academy Awards,2003,Best Picture,0,18,72,7.5,813,"['Crime', 'Drama']",100000000,193772504,167,1.0,0.0,-1.0,0.0,0.0,-1.0
126,2,The Hours,"Scott Rudin, Robert Fox",https://www.imdb.com//title/tt0274558/?ref_=ev_nom,Academy Awards,2003,Best Picture,0,18,80,7.5,185,"['Drama', 'Romance']",25000000,108846072,110,0.0,0.0,-1.0,0.0,1.0,-1.0
127,3,The Lord of the Rings: The Two Towers,"Barrie M. Osborne, Fran Walsh, Peter Jackson",https://www.imdb.com//title/tt0167261/?ref_=ev_nom,Academy Awards,2003,Best Picture,0,18,87,8.7,445,"['Adventure', 'Drama', 'Fantasy']",94000000,951208089,179,0.0,0.0,0.0,0.0,0.0,-1.0
128,4,The Pianist,"Roman Polanski, Robert Benmussa, Alain Sarde",https://www.imdb.com//title/tt0253474/?ref_=ev_nom,Academy Awards,2003,Best Picture,0,18,85,8.5,567,"['Biography', 'Drama', 'Music', 'War']",35000000,120072577,150,-1.0,1.0,0.0,0.0,0.0,-1.0
129,0,A Beautiful Mind,"Brian Grazer, Ron Howard",https://www.imdb.com//title/tt0268978/?ref_=ev_nom,Academy Awards,2002,Best Picture,1,19,72,8.2,798,"['Biography', 'Drama']",58000000,316791257,135,0.0,0.0,0.0,1.0,1.0,-1.0
130,2,In the Bedroom,"Graham Leader, Ross Katz, Todd Field",https://www.imdb.com//title/tt0247425/?ref_=ev_nom,Academy Awards,2002,Best Picture,0,19,86,7.4,945,"['Crime', 'Drama']",1700000,44763181,130,-1.0,-1.0,0.0,0.0,0.0,-1.0
131,3,Moulin Rouge!,"Fred Baron, Martin Brown, Baz Luhrmann",https://www.imdb.com//title/tt0203009/?ref_=ev_nom,Academy Awards,2002,Best Picture,0,19,66,7.6,884,"['Drama', 'Musical', 'Romance']",50000000,184928135,127,-1.0,0.0,-1.0,0.0,-1.0,-1.0
132,4,The Lord of the Rings: The Fellowship of the Ring,"Peter Jackson, Barrie M. Osborne, Fran Walsh",https://www.imdb.com//title/tt0120737/?ref_=ev_nom,Academy Awards,2002,Best Picture,0,19,92,8.8,151,"['Adventure', 'Drama', 'Fantasy']",93000000,887832826,178,0.0,1.0,0.0,0.0,0.0,-1.0
133,0,Gladiator,"Douglas Wick, David Franzoni, Branko Lustig",https://www.imdb.com//title/tt0172495/?ref_=ev_nom,Academy Awards,2001,Best Picture,1,20,67,8.5,193,"['Action', 'Adventure', 'Drama']",103000000,460583960,155,1.0,1.0,-1.0,1.0,1.0,-1.0
134,2,"Crouching Tiger, Hidden Dragon","William Kong, Li-Kong Hsu, Ang Lee",https://www.imdb.com//title/tt0190332/?ref_=ev_nom,Academy Awards,2001,Best Picture,0,20,94,7.8,999,"['Action', 'Adventure', 'Fantasy', 'Romance']",663205,213525736,120,0.0,0.0,0.0,0.0,-1.0,-1.0
135,3,Erin Brockovich,"Danny DeVito, Michael Shamberg, Stacey Sher",https://www.imdb.com//title/tt0195685/?ref_=ev_nom,Academy Awards,2001,Best Picture,0,20,73,7.3,545,"['Biography', 'Drama']",28138465,256271286,131,-1.0,0.0,-1.0,0.0,0.0,-1.0
136,4,Traffic,"Edward Zwick, Marshall Herskovitz, Laura Bickford",https://www.imdb.com//title/tt0181865/?ref_=ev_nom,Academy Awards,2001,Best Picture,0,20,86,7.6,906,"['Crime', 'Drama', 'Thriller']",184725,207515725,147,0.0,-1.0,0.0,0.0,0.0,-1.0
137,0,American Beauty,"Bruce Cohen, Dan Jinks",https://www.imdb.com//title/tt0169547/?ref_=ev_nom,Academy Awards,2000,Best Picture,1,21,84,8.3,175,['Drama'],15000000,356296601,122,0.0,1.0,1.0,1.0,1.0,-1.0
138,1,The Cider House Rules,Richard N. Gladstein,https://www.imdb.com//title/tt0124315/?ref_=ev_nom,Academy Awards,2000,Best Picture,0,21,75,7.4,596,"['Drama', 'Romance']",24000000,88545092,126,-1.0,-1.0,-1.0,0.0,-1.0,-1.0
139,2,The Green Mile,"David Valdes, Frank Darabont",https://www.imdb.com//title/tt0120689/?ref_=ev_nom,Academy Awards,2000,Best Picture,0,21,61,8.6,336,"['Crime', 'Drama', 'Fantasy', 'Mystery']",60000000,286801374,189,-1.0,-1.0,-1.0,0.0,-1.0,-1.0
140,3,The Insider,"Michael Mann, Pieter Jan Brugge",https://www.imdb.com//title/tt0140352/?ref_=ev_nom,Academy Awards,2000,Best Picture,0,21,84,7.8,893,"['Biography', 'Drama', 'Thriller']",6712361,60289912,157,0.0,-1.0,0.0,0.0,0.0,-1.0
141,4,The Sixth Sense,"Frank Marshall, Kathleen Kennedy, Barry Mendel",https://www.imdb.com//title/tt0167404/?ref_=ev_nom,Academy Awards,2000,Best Picture,0,21,64,8.1,837,"['Drama', 'Mystery', 'Thriller']",26681262,672806292,107,0.0,0.0,-1.0,0.0,-1.0,-1.0
142,0,Shakespeare in Love,"David Parfitt, Donna Gigliotti, Harvey Weinstein, Edward Zwick, Marc Norman",https://www.imdb.com//title/tt0138097/?ref_=ev_nom,Academy Awards,1999,Best Picture,1,22,87,7.1,412,"['Comedy', 'Drama', 'History', 'Romance']",25000000,289317794,123,-1.0,1.0,0.0,0.0,-1.0,-1.0
143,1,Elizabeth,"Alison Owen, Eric Fellner, Tim Bevan",https://www.imdb.com//title/tt0127536/?ref_=ev_nom,Academy Awards,1999,Best Picture,0,22,75,7.4,076,"['Biography', 'Drama', 'History']",275131,82150642,124,-1.0,0.0,-1.0,0.0,0.0,-1.0
144,2,Life Is Beautiful,"Elda Ferri, Gianluigi Braschi",https://www.imdb.com//title/tt0118799/?ref_=ev_nom,Academy Awards,1999,Best Picture,0,22,59,8.6,411,"['Comedy', 'Drama', 'Romance', 'War']",20000000,230098753,116,-1.0,-1.0,0.0,0.0,-1.0,-1.0
145,3,Saving Private Ryan,"Steven Spielberg, Ian Bryce, Mark Gordon, Gary Levinsohn",https://www.imdb.com//title/tt0120815/?ref_=ev_nom,Academy Awards,1999,Best Picture,0,22,91,8.6,225,"['Drama', 'War']",70000000,482349603,169,-1.0,0.0,1.0,1.0,1.0,-1.0
146,4,The Thin Red Line,"Robert Michael Geisler, John Roberdeau, Grant Hill",https://www.imdb.com//title/tt0120863/?ref_=ev_nom,Academy Awards,1999,Best Picture,0,22,78,7.6,368,"['Drama', 'War']",282534,98126565,170,-1.0,-1.0,0.0,0.0,-1.0,-1.0
147,0,Titanic,"James Cameron, Jon Landau",https://www.imdb.com//title/tt0120338/?ref_=ev_nom,Academy Awards,1998,Best Picture,1,23,75,7.8,101,"['Drama', 'Romance']",200000000,2194439542,194,-1.0,0.0,0.0,0.0,1.0,-1.0
148,1,As Good as It Gets,"James L. Brooks, Bridget Johnson, Kristi Zea",https://www.imdb.com//title/tt0119822/?ref_=ev_nom,Academy Awards,1998,Best Picture,0,23,67,7.7,058,"['Comedy', 'Drama', 'Romance']",12606928,314178011,139,-1.0,-1.0,0.0,0.0,-1.0,-1.0
149,2,Good Will Hunting,Lawrence Bender,https://www.imdb.com//title/tt0119217/?ref_=ev_nom,Academy Awards,1998,Best Picture,0,23,70,8.3,303,"['Drama', 'Romance']",10000000,225933435,126,-1.0,-1.0,-1.0,0.0,0.0,-1.0
150,3,L.A. Confidential,"Arnon Milchan, Curtis Hanson, Michael G. Nathanson",https://www.imdb.com//title/tt0119488/?ref_=ev_nom,Academy Awards,1998,Best Picture,0,23,90,8.2,231,"['Crime', 'Drama', 'Mystery', 'Thriller']",35000000,126216940,138,-1.0,0.0,1.0,1.0,0.0,-1.0
151,4,The Full Monty,Uberto Pasolini,https://www.imdb.com//title/tt0119164/?ref_=ev_nom,Academy Awards,1998,Best Picture,0,23,75,7.2,364,"['Comedy', 'Drama']",3500000,257938649,91,-1.0,1.0,-1.0,0.0,-1.0,-1.0
152,0,The English Patient,Saul Zaentz,https://www.imdb.com//title/tt0116209/?ref_=ev_nom,Academy Awards,1997,Best Picture,1,24,87,7.4,204,"['Drama', 'Romance', 'War']",27000000,231976425,162,-1.0,1.0,0.0,0.0,1.0,-1.0
153,1,Fargo,Ethan Coen,https://www.imdb.com//title/tt0116282/?ref_=ev_nom,Academy Awards,1997,Best Picture,0,24,85,8.1,618,"['Crime', 'Drama', 'Thriller']",7000000,60611975,98,-1.0,0.0,1.0,1.0,-1.0,-1.0
154,2,Jerry Maguire,"James L. Brooks, Laurence Mark, Richard Sakai, Cameron Crowe",https://www.imdb.com//title/tt0116695/?ref_=ev_nom,Academy Awards,1997,Best Picture,0,24,77,7.3,184,"['Comedy', 'Drama', 'Romance', 'Sport']",17084296,273552592,139,-1.0,-1.0,-1.0,0.0,-1.0,-1.0
155,3,Secrets & Lies,Simon Channing Williams,https://www.imdb.com//title/tt0117589/?ref_=ev_nom,Academy Awards,1997,Best Picture,0,24,91,8.0,,"['Comedy', 'Drama']",60813,13417292,136,-1.0,0.0,0.0,-1.0,0.0,-1.0
156,4,Shine,Jane Scott,https://www.imdb.com//title/tt0117631/?ref_=ev_nom,Academy Awards,1997,Best Picture,0,24,87,7.7,,"['Biography', 'Drama', 'Music', 'Romance']",5500000,35994719,105,-1.0,0.0,-1.0,0.0,0.0,-1.0
157,0,Braveheart,"Mel Gibson, Alan Ladd Jr., Bruce Davey",https://www.imdb.com//title/tt0112573/?ref_=ev_nom,Academy Awards,1996,Best Picture,1,25,68,8.3,501,"['Biography', 'Drama', 'History', 'War']",72000000,213216216,178,-1.0,-1.0,-1.0,-1.0,0.0,-1.0
158,1,Apollo 13,Brian Grazer,https://www.imdb.com//title/tt0112384/?ref_=ev_nom,Academy Awards,1996,Best Picture,0,25,77,7.6,488,"['Adventure', 'Drama', 'History']",25353380,355237933,140,-1.0,-1.0,1.0,0.0,0.0,-1.0
159,2,Babe,"George Miller, Doug Mitchell, Bill Miller",https://www.imdb.com//title/tt0112431/?ref_=ev_nom,Academy Awards,1996,Best Picture,0,25,83,6.7,470,"['Comedy', 'Drama', 'Family']",30000000,254134910,91,-1.0,0.0,-1.0,-1.0,-1.0,-1.0
160,4,Sense and Sensibility,Lindsay Doran,https://www.imdb.com//title/tt0114388/?ref_=ev_nom,Academy Awards,1996,Best Picture,0,25,84,7.6,066,"['Drama', 'Romance']",721341,134582776,136,-1.0,1.0,-1.0,1.0,1.0,-1.0
